id;id_municipio;id_estado;tipo_persona;genero;actividad_empresarial;edad
9980f12e32711330d5f58460e169e6207afda041;6822006;68;1;0;1;40
93512ea145c3d81ba7a7ff641faf992fd307072e;6822014;68;2;1;2;38
acb2fee5aea2d73a88359d438aaedeea731554f8;6115121;61;2;2;3;34
b627227d2f20116510bcb12de34e6a188cf8d054;6923005;69;1;1;4;31
054be5f40d50b28d2b82af57159343989dd28012;6014120;60;1;2;1;34
e7a86bf5f62bcac9ca4c7003175e5366d759b284;5408019;54;2;1;1;63
c935634fbe417eb2a8444624b5e599475d06fb17;6519019;65;1;2;5;36
1ec46b0c54a296addafefaf286c1059d0d65596b;5105035;51;1;2;4;37
eb86ccb9bfaca3ba1b3b7dd1e0f1053ca00df348;4802002;48;1;2;1;22
cb8a723a25c36e1679f56997be30195c7c4968dd;6115106;61;1;1;1;33
40227d8067c3d0fd6cd1d6b8605cc310bc72692a;5509015;55;1;2;6;36
2645c45560663c2aaa72b3dde41c2a0f773707c0;6721114;67;1;1;5;67
7ca33022d73d474e23092d0d40ea415285e7fb05;6519046;65;1;2;7;41
8cc0d1d598b36a86858b401e08b1d4d641e726ac;6014097;60;1;2;8;35
577070ea216d0d3948df5eb039eda349d4ab0321;6519039;65;1;1;1;26
f9d71337174bd26b4d4e3da8ca9b2127df6d7c4b;6519048;65;1;1;9;31
11f4222f90ef9db317be7d3bcb386ac25ece3e46;6519006;65;1;1;5;36
c5d8e8c04a4abef983ec1c45a8b2ef3cb0f27116;6014120;60;1;2;10;43
217e3f98440eac6df428d352131e68af76d84080;6115033;61;1;2;11;30
e9d78b880174480f0603505d910a9e194aeec55e;6519006;65;1;2;8;37
45fdcbdd8d356352a34783d2ce822cfaa08f7d8c;6519006;65;1;1;8;32
ceec7f835d40e570b84a8f9acf151ae7ad079893;6317007;63;1;1;5;44
88443706437007ea932169dce86a2dedf4b27221;6519026;65;2;2;8;43
75d597ba71d7c90d8edfee1085713d0f556f93f4;5509005;55;1;2;8;39
e9dc184102fa9fd8af2c4166a8e12930bbc9ef54;6014097;60;1;1;12;32
21b2406ac19e643f6875f4a895aa44df537d4dc8;6115106;61;1;2;6;27
b7a6a07474831f03644ed909903b496666d3d7b0;6115104;61;1;1;6;48
6ebe6d1cdd4ffa319abf71d54e306bbd8addfb0f;5509012;55;1;1;13;44
fa398d73d7a669f04865e987c33c5e8372a9248c;6519039;65;1;2;14;28
cfa55d7d336bca9ae4d827398a84be57077f112b;6317007;63;1;2;10;32
8edcd32e658f91a98ffced62ed33d2ef9e43d9a0;5509014;55;2;2;8;41
864adfaaf133b78953b5aa2ea27b5dc34224067d;5509003;55;1;2;15;35
7480ed7072d7a07ff6225b04c8d105af6d886c63;5509003;55;1;1;8;42
3b1632817459063f443f4810f9d52f9bb123ab23;5509014;55;2;2;8;38
3f8cbe371ceb2e4c37ce75bc04da6f47a7919c1b;6115057;61;1;2;6;49
901870a95abbb0ddec297302f239d006d692c1e0;4701001;47;1;1;6;41
766f221e0a6e75ff3f1d0d18423d4da5b0e7d8eb;6721114;67;1;2;8;28
48e8fc0846cb550c3a5c5781194c09f7b16113b7;6519039;65;1;2;3;24
783f1c2643f769bc1342d3fba017b981c48c7af9;6519046;65;1;1;16;34
84bab086b7099fdcd3192d2356d1295d16522316;6519026;65;1;1;6;42
624c87e12625d87c496e2471d8ec32deaa9454a8;6014120;60;1;1;17;31
3596b650a387497b3a18abac53151060e29bc4e8;6115104;61;1;2;14;37
59268d018f7fb81b192432101bb54feff7954444;5509012;55;1;1;6;53
6895dcebb7d7daf7e40aae43a2ea0cce91bffd4d;6014120;60;1;2;8;36
4ea9e44e95a10ae2aae43ff8372c5b92d0e53329;5307101;53;1;2;13;40
826158635df25e5fffa5f7989ffee57a73c4334d;6519039;65;1;2;15;28
27727d01ee4cf82c3672eff51d5b9f5f74bbeb59;5610007;56;1;2;6;40
64a7a57c252f948951f82e3b89952e0f61f6d165;6519039;65;1;2;1;31
04e15785e1f1d2a4893438cf2c5ec8036eea4e36;7630087;76;1;1;6;35
23b4e6e36404db8e6d71d31d60512f26acd785e7;7226030;72;2;2;6;29
3225a5d0b592b755e07a68dd202b9d792f62174d;6822014;68;1;2;6;36
c61e95a1efa52c32ac065a523abf63f458b5def7;5509015;55;1;2;3;40
8bca43a5f08644b18e2f21242300332150afb98b;6519026;65;1;1;15;27
9c5b793a39b4f480d9b75a820194e4bacd85ec74;5509005;55;1;1;1;34
241250af04d9772831b4b9f6d39d311b562f2976;7226030;72;1;1;11;31
884a990ae864d7d832a8e6d0109a1ea8206307b2;6923001;69;1;1;5;43
49847c8161c002ab10b7410254ac2200b3eac16b;6519019;65;2;2;18;41
ea3a608bb9d2a9bcc625d0da1d93a547d2460d81;6115109;61;1;2;11;31
9f2b3a2d400a06dd5701051619d2426d90772462;5509015;55;1;1;19;34
98b30663015f37ff8050863aba082c3128fbdd5d;6519046;65;2;2;6;34
b724b68d73fbc5622080f8405c4109cb815d5184;6115104;61;1;1;8;35
5a1c6d0a09d4fa2fffad2c2f13ad73960a0f9c5e;6822011;68;1;2;8;32
41fd688494d0501d17690da268251cca0dcc5ad9;5610005;56;1;2;12;40
99325e3563e5f3975f63e31ec408d30845549ba7;4701001;47;1;2;1;35
798aaf7e3d3e55f454267e32ab64b52f87d84567;6923009;69;1;2;6;51
f52017374a51b788a004722737d80800a1c2c7d0;6519026;65;1;2;4;28
1a5e832262f8bf6e6a8b42b1d1ab4e25d46fc264;6519019;65;1;2;1;50
502c03007400c58500c3a69601353c86809602c4;5509007;55;1;2;4;33
01d12d1c5b58348995b71cf1d5eb9257fa64d95b;6519039;65;1;2;4;28
5fa9eb49fd77f4a1fc71dff6ab89eefd137e5618;7327004;73;1;2;8;35
21482b6be8d84111b1ef25f2f248b12833c316ba;6014120;60;1;2;4;56
c92790e74f5d4768db0fe57b3ba07be8396b7c4d;6519006;65;1;1;4;27
97f8228dc59bf64aa315e32d7792937eca12364e;5509014;55;1;2;1;42
dd1e0ad3390a10b504b7aedf4c8a461fd00efa48;6115013;61;1;2;20;44
74b7963125f580c9cdc54f0e90d570edd3a3d6d9;6822011;68;1;2;17;37
d076b085d54d60953c594dd9bd372c0dc84222f1;6721041;67;1;2;8;36
4435faacceffbed4c590f67c21553bc144be51a4;5509015;55;1;2;1;40
e8b58fde03231626a2170b79998d75e8d5a0172f;6519006;65;1;1;1;45
9bfc0f4a3bcc87743e067b0c4bebf1a0f9c5217a;5509010;55;1;1;21;37
6a073cec7dd4c8f6a9c6a56ff2ddb78a93876cec;6014101;60;1;2;1;41
bcaa86c62ab531a0ad32c052386c130e04b36322;5408037;54;1;2;8;33
0225c1f9c7e66dc02b44b9a00cdd0fa9ba5a4c71;6519006;65;2;2;1;47
5f3ca1eb354ca3f34b7044ba6c057a876321f948;6519025;65;1;2;8;22
d9078209fb08265bb5b96b5dd4a6cfb59f5e582d;6014039;60;1;1;17;38
f07523d86ebab33f3a0f1b6396e1a0a6b0a8037d;7226030;72;1;2;13;31
7c9063ab0a70033b767550c85243178aa1c79f59;6014039;60;1;2;10;35
f8d2a87baa764619829857afb3330682c2ce49fb;7428041;74;1;2;11;35
b5778297c4196b91a7e9e496c32fc64219f898da;5307101;53;1;2;16;32
edec886beac45e4c8a0389f69eecaf1c3482d5bf;7731050;77;1;1;6;38
3a3868006c53ad90f3f0ac309c7bd3e639a23719;6822014;68;1;1;10;47
e02d8303a1b6544b26c2abe9dba9f0d17f3f4fb9;6822014;68;1;2;15;28
1d57db78f59d7bf500c0f6cb1ceb5cd1258553e4;6519006;65;1;1;19;40
0471167c6dcd9e87952bee4478ce26337793c07f;6519021;65;1;2;15;23
38b0999e7b5a863f9147e1454ba8cf07f7e2cd27;5610005;56;1;2;6;35
77196f62b08ce85a0edd280e951d935277f057c8;7125001;71;1;2;7;46
ef9eab66c50a9631b142e6397d9e50bad4b20ec3;6519046;65;1;2;10;35
922aac1cdf3d53172c3a3f78a1701ff498f8f51d;5509015;55;1;2;6;44
93c9b5d87071dc1fe4c34a86c0c98c8113e7fcfb;6115122;61;1;2;1;33
78c8329f7861f085874ac2ed47102b802aa746e2;6014039;60;1;2;6;32
d6ac3fa6bf4c71c236c0ec3b9aba16f9761b23ef;7630133;76;1;2;8;44
2a1bb0006a4eaaf1678eea5aa5bfac1d68b5a2f4;5509007;55;1;2;10;37
5618afd60ddac119b5dca08494289782bf117f79;6822011;68;1;1;5;36
386255abe482617ebf218e408e292de68bd3f560;6014098;60;1;1;15;29
0cddce87733ba0eae8aa52546a3931f0fc76e195;4802004;48;1;1;20;54
3433c69c3b6173040c4194ecaa58eb0158aaa89d;6519039;65;1;1;5;43
8a86c5cc8fa3b4c4ca7ad1c8597fdd09e65b7ae2;4903003;49;1;2;13;51
4c1231468e83b7959ee95deed556f41949cdba0d;6014039;60;1;2;8;34
0e605f4ddcc29e333424991f6eba05e3faefe32c;5509012;55;1;2;13;34
990e1ca928f06bc21eb9518f90a32fb4d0608409;6519006;65;1;2;1;37
4fa2a481e598fa02b42dfcd8370c7c2e24dca5b1;6923005;69;1;1;7;34
2b733723272ca45f11eef580b30bae4a379242f0;7226030;72;1;2;6;39
4b5b6bf7c0d0e616c648f9d6ba7d50d4a3f87390;4903003;49;1;2;8;33
b031d8137149cf687fb84be6198524356ad91483;4802004;48;1;2;10;38
a85916beb7602fa48ce1af983e29a8881478d2e3;6519021;65;1;2;8;39
aa61dc17381126cb949fbe28afc3f5c0a1481b50;7226030;72;1;2;6;42
948b031c943777ddce29def972b8d661a17f573a;6519039;65;1;1;1;54
20d7979a08e914f774e4ee0582e9c52610b368aa;6519026;65;1;2;10;47
c5a2d0ebb9f801fba2e4bd4af3c8d1a1a329c472;6014039;60;1;1;8;31
9e4986284d7c10efaa1dad7b715489dbf00a5ef5;6721041;67;1;1;6;31
e5679bed230e06d16783ef7fa587a00a0d729451;7024035;70;1;2;8;39
068a3a4901e7819ac41bfd214b724a4094baa6fc;7024035;70;1;2;8;44
beee123e73bd1816bbf1d2afc874be80e16eab46;5105030;51;1;2;1;33
71448aaee3d8a82dcfa33e43f819e4fe96661588;6519048;65;1;2;22;26
a657783ecfa4237031662b76c048df6a937c6148;5509014;55;1;2;8;44
a7052aa8132520284c6f9b23fb3e6f7c2728648d;7731050;77;1;2;6;26
2f5363950dee195b91dd681977fde5d159d87b94;6519046;65;1;2;6;38
8d2d5fdb0101dbecdbdbd7e9bf92e59f04233cae;6216066;62;1;2;4;28
d8173fa7c5f1f02fd0fc5aa06fa266a645717a5f;6519006;65;1;2;1;27
99fb7b837518d1fcd01ec8ad0ce4f38eb8f512d6;5408019;54;2;2;6;35
7e80f245cc1a01b48bce454762a11f8ac03231fa;6519046;65;1;2;4;33
f6cd565e050985d05d8b54f273ed255b9770843d;5105028;51;1;2;15;26
492ff1bca04fd6a07159f051d755c80afc8aaf72;6014097;60;1;2;6;46
2a121f5823747346124738360203b75cbd14c141;6519019;65;1;1;9;30
8941b449ef43ed5efd7a1f548c27f6bc8479562c;5004002;50;1;2;7;22
79ece83efe0d2c6e3f05eeea111f09aa519005a0;4802004;48;2;2;14;31
0d7e9d7ce47c82714b00162dc2aecb532461a373;6519039;65;1;2;6;37
4f502fcd480cff83cacf8225818c5690f836493b;5509007;55;1;2;16;41
78612204a703784961f6a32a1b7ca701751f03d9;5711020;57;1;2;3;33
4d40d038acd2fa1f57541be2fcf9a478de534481;6519039;65;1;1;1;34
834443cae1779e27e87894ff4ade35f67d399d85;7226018;72;1;2;3;23
09b86636f4807823ff9041b427405b00aa25829c;6822014;68;1;2;7;49
f82d9570b2c555400f6f442f8ea66430d57296e4;6822006;68;1;2;6;54
3545165fbfb11219f2c13a61cbb49862e6d80b19;4903003;49;1;2;7;29
4e83b06a007553730d39dc39d2a99b7a60c440cb;6014098;60;1;1;15;24
e2057a5f00e2dcef6f0cf6be4e684736bdb77233;7226018;72;1;1;6;58
857ecf5bf8633696d190004563f2c957508454eb;5509014;55;1;1;6;56
4a26b490cf30635ec1cb408f5a8de1c12b31ba79;6822016;68;1;2;14;33
ec4dbc9002f3f1153e1f7ccc662cb4722887452f;7125006;71;1;1;16;30
377640923c35f16f528ae1f4d79b180da251c473;6519006;65;1;2;8;57
141c0b0efc67aa7c76a66820a8d87b13d189ab05;6519039;65;1;1;8;44
a36e4538b10449a5f8149df5bbc7b72f3b3f92b4;6115033;61;1;2;6;42
668e5be4b1de53500228aeb3ba676fd35b41b570;4802002;48;1;1;8;43
95cfdcb8ec03f7eff4c84d67b271af5c0567bb00;6519026;65;1;2;20;32
e29b5b59b21766909c3cb6c60d62b1aa2459cd2f;6519019;65;1;1;10;49
d46056c3ec100f8696b02e06a014944cd0d8d781;5408019;54;1;1;1;32
898ed397288bcb7556929a11d71fd6e658e1983d;6519006;65;1;2;12;45
cc46998c8fcaf8527a5c43e8148f8e2f407ba4d2;6519048;65;1;1;1;54
b4de8a7dd1291cd411342f866534a0ec2767b69d;6519039;65;1;2;8;41
6f1559290bc65be2d8ad5aab3b8b07f050caa6c5;7630044;76;1;2;1;44
e75af7d0c540d213255c9a4b946816720eea17ad;6519039;65;1;1;12;29
07dcc29c8538d50e2889c8418b62bde027b62425;6923005;69;1;2;8;28
d46735a55e1a241b30914f622d24cb7edfd3b2e5;6014039;60;1;1;1;44
8a96a8b7113d6b3e1fe9211862f29bd80d5bc35b;5610005;56;1;1;23;34
3e9ada6f9b7ad7eecc35e2b9bca3e9ce55cbce0b;6519026;65;1;2;8;31
73979cd3b881080e416ca160e1e7ea947202f06f;5711007;57;1;2;19;32
17553057673459a94adebd6b19bce398c1dd2e03;6014097;60;2;2;24;41
1d8f54cbb7b5e2f80343a025c1122019ecebb33f;6014120;60;1;2;1;35
2f4c767fd9296bcaa291aa89f114574071ffdf75;6519039;65;1;1;10;42
e32578997d995c498a71f7cac5003a373bc77d01;5509008;55;1;1;1;44
825e561e14578c12447d3dc459a7c749162017e0;5509012;55;1;1;15;33
c5110b283076d0c32a7438297a0851991f15a0ec;5711046;57;1;1;9;42
f91ee01bbeef53daf4877dcbc0f167f192bc51db;6115121;61;1;2;1;36
8df77fed244f13ee2b23a99dd923f75d51415498;6014039;60;1;2;21;32
344032a8e94b3ff15278639d6a8e5928673b1e0f;7630039;76;1;1;13;38
528f934e91b5c7a9532f4fdbbff6d73ee033b91e;5509007;55;1;2;13;37
ebaff10906d7c475426d03ee515dcc81327c339d;6115025;61;1;2;10;45
b43e31f698da09a1386c46aa7306b90ed743ab3e;6519021;65;1;2;1;42
be7d0f4487ef8827ffacf1eff4859cf2754d6e7c;7731101;77;2;2;25;40
143e4963cd499b1b05b544cb791a821a01072073;6216053;62;1;2;6;44
695abe5bb6ff2f87912377c5cb8b5e294750c3e1;6115020;61;1;2;14;39
3e5523a1648b122d39770b1f8b86751b94bc9ad8;6721114;67;1;1;1;38
d60cf40881582da127005dc0163667c3703e8dd9;4802004;48;1;2;1;40
cb38d65bef08b9a895b3ea662fdaf856859d8eeb;6822014;68;1;2;6;28
2835cbd471a6385d418906a3c170e77585629388;6519006;65;1;1;4;42
3762a6dd45bab32812ba11c819d1b9cc19e0f30f;6519039;65;2;2;14;36
0d07b8aad9a390e466d2db0df72bf01e278c501b;6519039;65;1;1;4;31
dbcaed844c0ab48e60726de430ee7323dcfbaab3;6519039;65;1;2;4;35
50b1293709acd5ba3bd305c4f419b75c2304f9ac;6014098;60;2;2;14;38
b75c7abf693a676d09588543de5ea0456ab33690;6519026;65;1;1;4;38
e6e3eb2708ad54876105584985dad63d24c38190;6519021;65;1;1;4;127
ac871d71c4de5abbea593192b3f16eda994fc53e;6519046;65;1;1;1;31
9206383e87f769909dc4d29260dabf658665c1a5;6519039;65;1;2;1;26
3a2c0fac2cc14d3f611032f8c3332cc276a18e59;6115081;61;1;2;1;30
2e79cd99eb67ed7dfe1e1e7ed8df5f967213cb7d;7832017;78;1;1;1;44
30a316c5b7ea8b5e738d46396bd50782e4622fbf;6317018;63;1;1;6;39
6060e96f58a5aee6415dc8171bf8541c525cea03;6014120;60;1;1;10;34
144d05fb17ac05c4ddd77797143fe5f19212575e;7024035;70;1;1;6;33
d47d5cdcc9a0107cd8b9e4108ca72e93ed933aea;5105020;51;1;1;1;28
1a1e6dd25a72cf135502784109332810479e7724;6014120;60;1;1;12;42
c1da5f84eefc7223dc001fcbe5889cfb089630f2;6014120;60;1;1;1;35
6c05c76270c3039f543b787217cb753444762f31;6519048;65;1;1;1;29
c5eeec13011d24ce17931baa207a9e2cb105eea5;4802005;48;1;2;1;42
9af125ab4874a897afe1998d3aea0bb5ba1cde04;7226030;72;1;1;6;47
441dd4effb6a046df1a043cd500fa0260caf1a48;6519039;65;1;1;15;26
d7edb13c7e0f41d5e00b7b2dcd5e8ed2f61a3458;6519026;65;1;2;6;27
2e805f79e201c922dab7aa73675e897968bda688;6721041;67;1;2;1;39
94e58c5ab22628af017b1e627546f0c96eb390e5;6721114;67;1;1;6;36
2303c8a4a887bdd51802cefa99536766bf3de584;5509005;55;1;2;8;38
5b637354ca7629bff586b749cacd18bc9f8f9c52;5206007;52;1;2;7;47
94e335457caa039fd933cbde1b4e215f78a43aa6;7226030;72;2;2;6;41
fbb894ca96b346b9264f8dafd45ef65bdb686a05;6317029;63;1;1;6;49
6c1b0aad051fd6d4cfe10e49dcb956b95101fcbb;6519039;65;1;1;6;34
52b2ac1913f4543aaeaccdbe4f67bc8670c69c28;6014120;60;1;2;1;31
8b31f27db32594b993b08b02815b48f3a9194076;6014063;60;1;2;6;30
426ac9bd3514ee180c14dd1e9485af456a05b620;6519006;65;1;1;5;44
32bb37811d4549c0511c5a889b661574bf1488c0;6519026;65;1;2;20;42
dac3218b86da72c5c6c5e05d0f1fa49bb5a7c4ab;6014101;60;1;1;5;43
a737e3c57dad7ddb37b526681109dbc8104d7042;5812038;58;1;2;1;44
a99c42bf79d1b5a0d7f98fa19c60530af241ddf7;5408019;54;2;2;6;33
11d59ef9b19a3dbac6b07b662e2b2357cab3ea98;6822011;68;1;2;8;34
4b816cdebe3975fb67dc6dd74a2b0de13b285b42;6317004;63;1;2;8;40
ad00d9f668622581ae4141583796bb789277ae7e;6519039;65;1;2;8;28
4729e04295889326113a2074dd1494caec2bde03;5509014;55;1;1;5;64
828b1e9d505d251fd737f3cc655d1dc2fc7deb63;4802004;48;1;1;1;33
c0761949e5345b9a9de42fcf65d0fef10f4a1666;5509016;55;1;2;7;32
94b8d1d74a7821c43c9ca0fde19a192e9bae76de;6519039;65;1;1;15;25
1f198781f20d59e1bef4e4ce6f17c332e384a6c8;6519039;65;1;1;1;38
4af6fd2d4d5c1f991bd9144632f632c9e851aa6b;5509005;55;1;2;6;28
fe9415c62193f2d430a0340c31064ec512b27c8c;6014039;60;1;2;1;38
4d989a78ec9de4008303d3a240aef3e1885f2595;4802001;48;1;1;5;56
60398bc53e92ce190ecfe6907e0e910f6585a21f;5711007;57;1;2;8;30
51c820a4a0e9b91f126be43001bf29d653ecc050;6519006;65;1;2;8;29
78ef4be48f765da08a9b021259a589337c835a5e;6418017;64;1;1;11;29
c57b65ddc0c540648f8071e5df7b75036b8e5815;5509003;55;1;2;1;46
98228e90a10f6400b1bd660adaae1ba01e811dc3;5408019;54;1;1;13;37
ee29bd414d34c56536651b09d4780ca20057e772;6822014;68;1;2;8;30
5ca76d6884d5858a28b3a1caea6590a4c1dfed68;6519039;65;1;1;3;30
45cdade2ddee87bc96f53056cdb7032eea8d19cf;5509007;55;1;2;7;41
3c63627ed53bc80ef0d7de2d467e8eaacec57da1;6519006;65;1;2;21;43
47a520dde89eb786e98eb62dbb5f2c3b4de767b3;5509017;55;1;2;15;25
02a73132fe5c2af6d596eec88629c754d9e9c860;5509016;55;1;2;14;32
8cf7b6a6cc74205009f63e37c438cc23181ee2c6;5408037;54;1;2;26;69
879267f571ba345eac4c34dd7479a9b1fb860c16;6721114;67;1;1;1;41
78d8953726e7ca8ed80db09f0e520a16078293ae;5509016;55;1;2;10;32
da878dc8b27e5061168370a78368a2ed1f6cd1ca;6519026;65;1;2;4;54
b9a3e5f13e297f27ba388949b160c6b99cb6e992;4802004;48;2;2;6;37
49343635f2b799079125ce396a395224c25deb31;6014120;60;1;2;4;51
9c6ef874db857c5669e12c72c5d9d6d24d1eef62;6519046;65;1;2;1;127
dcc173cd2a1defd73be86c89ad048aa8c06f9085;6519039;65;1;2;17;36
d95a0d3919be01bf23da102cb95c3eed47a3435e;6519031;65;1;1;5;42
9453d782ab82d337f2bbce15039b7751468c4313;5509012;55;1;2;1;38
e3839928a455dbf3b6073ec44f8bbe263d4f2f7f;6519026;65;1;2;8;30
fd13b8c105c07a6c1a716727ecc73cf0f3cf1950;6519021;65;1;2;8;45
42b33cf61850dadc4044d3cc852ce9982855afbd;7731050;77;1;1;23;34
ae54444147fa05e6ef18b8a6a05c01116941c879;6620067;66;1;2;15;24
d43d62684801211a94e54bd987041268cf0bc6d0;5509007;55;1;2;6;43
a53fc2b9db2deb10fdb0a0bab3915440511c7453;6014120;60;1;1;5;34
289d2b963afabda42dc982496ade21528d9f65e4;5610007;56;1;2;6;30
9f7153cb40d07225004db7a1606b1290d1518da8;7024035;70;1;2;1;35
7742592c6ee28cabab6c9b8ff29ca370acbbee75;4903008;49;1;1;9;37
721fce1964f28c360910dc10b8a96ec596c229bd;5509005;55;1;2;6;27
15ab18e369a4046251d65949a3651db540d7a948;6822014;68;1;2;15;44
51a5645ff179e89dc4b8a1ffb35d333370f2a3b3;7630087;76;1;2;1;35
fd05c2e362d663a227c97ef595ccc8996c5ab19e;6014070;60;1;1;15;24
2727b75e57d0da973bdab1ef3a8920f051304214;6519021;65;1;1;1;30
2fe5f13355786ebb78248c88693f8af1968b781f;6014067;60;1;2;7;42
a0768b38ee9fa95c035c2ec25a906630e3a88ecc;5509014;55;1;2;1;39
7ebf1612ed69a206ff42057246ece93151fd5b68;6014098;60;1;2;10;31
1c1615b93647941594a95c18bbb4e7426663cd35;6519006;65;1;2;8;44
b372e8f0894d84ffad3a7a83f7a2f7cbecfe5e2c;6115057;61;1;2;1;37
290b6978affa092119737bfd95e47c2494de946f;5509015;55;1;2;10;33
b22f04d8394bb8fcba5e26d69c27a3a0e76bea14;6519046;65;1;2;6;62
9542486a6f7138e66050e3853432967eb588eab7;6923005;69;1;2;1;42
3ce3315c1f07d644eb1d84c7e29e8764c10049cc;6115106;61;1;1;8;51
9ce500df7c4732f0ba70efe8866af6dc92295f0d;6519039;65;1;1;15;31
6b6af2e52b9028a4a86acb79c94584d33d9441fe;6115024;61;1;2;6;37
b94151e8e7bd2a8062c61a6dc771788ea119c7b5;5509010;55;1;2;6;42
b354f9d82e4ea716310fb3daace1559c6cc9390e;4802004;48;1;2;11;127
7edfa8fa9b186b5157dab56f166b04c7ba194cab;6822014;68;2;2;6;39
ba778a0d41cff83a934fc482eb9b77b1dfde9f53;6014120;60;1;2;19;30
90714f3b4cf4653254a264ef375d68885be49282;6923005;69;1;2;16;41
9dd1bd938fafacceccfb1cd42e97b34655fe898f;7529041;75;1;2;10;47
cbbe34d32461d2a2991637c3d99316602978dbe0;5509013;55;1;2;21;32
4f109c80e57a49012f30bfe0ec2d0b40f1a2511b;5711012;57;1;2;1;35
fa0eb9b3f1a475ba1765e20cdb9f9b5bce6ab38c;5509005;55;1;2;1;31
b03594fc263d4ac6fbd1bd2a4f14578c846cbc41;6115037;61;1;2;1;33
0172891ba3000c3150a6985265517678ebbf3b39;6014039;60;1;2;10;28
3f807aea5440658d4f81d3dd13149fb1074b93bf;7428027;74;1;2;1;36
0802e55117a6dab8cdd7ddfe532bbf3dd900fd8e;5509014;55;1;1;1;36
a5351cc46afe17512d59c3c5aca1c5e3c7be98cb;5509005;55;1;2;1;34
0f4229e8187ec8827e8fab1519d9ec344013302c;5509010;55;1;2;6;68
fe25435085da4e8b314592f5aab3655699ea1894;4701011;47;1;2;27;37
dec15d9131c76ced8aec4e119dc5cc633814a9b7;5509016;55;1;1;3;35
a9c97ba219836ca7816b05b83f86702fcf1ae6c0;5509016;55;1;1;1;39
de660ad30a157585a63d8e96035a0f01b365be95;5509002;55;1;2;1;33
6f7c7f1ef861c662096ebe51316da8afa0e5d5b3;6014120;60;1;2;16;29
bf3ac6be503f22e65824741f94618946d74738ce;6014120;60;1;2;8;36
68e8678f677574a38d820f1aa63839f17f3d99c4;6519046;65;1;2;4;34
65c1a2b20b4a5e9fec098bb405833de299641f17;6519026;65;1;2;7;35
e2af698cf9d7653f46566dba4fe3e448d302b6fa;6519031;65;1;2;4;50
40d7fb86daa5fefd3993e7146dc9cd6c4d2ba01d;6721114;67;1;2;6;31
ef2d3b77353cf979c0776c355f7facb0f5447d42;6014097;60;1;1;5;36
e156442518b47d75117838873fdda3a13a22b775;6519039;65;1;2;10;22
12c1bb7814f3b0cd97687ae3cc6411aa3fe8e9be;4701005;47;1;2;10;37
cef027105f3025f7365b1ced0696d775f8a677f8;6519006;65;1;2;1;28
b844dcbf099229e1b8361b87fc14df3fe9ba34c7;6115054;61;1;1;9;68
13ff3a01d72cdb0a2987a9a327f16fc5cd0b85ae;6822006;68;1;2;1;46
19cc3a917c08b1732559b5c1c556536626015bd7;5509016;55;1;2;6;53
2a489f155f62e3ceb5a75e08e8c79d9506816a2b;6115058;61;1;1;3;37
6f0e920666216ad4784a8ea41e2d2efbc349af0c;6519045;65;1;1;1;60
ee404cd1a592dd1ea2ecc9680f1dd7b52425dba8;5105035;51;1;1;6;35
5adf10c192a046977d4c9b3c7bd647e73e5450ea;6519006;65;1;1;6;26
6faa300dc4aa9bdbf9c078c4fb1070a2c8650064;4802001;48;1;2;1;48
4036de168267e3e8e12ead8c8d7f8181fdd8fe62;6519018;65;1;1;6;54
4f84c820677250929c22452f462d208dafd3ded6;6519046;65;1;1;5;34
3f18c3fb11f0d8f9a4860b2de8b537c85f2ed34c;5509005;55;1;1;20;39
bce2c5efb98c0f18a5cd10bd1315d2c94c061224;6519006;65;2;2;6;42
4c160a10f895ff988769ae6aefaea97ecbe9a1d7;6014039;60;1;1;8;47
1c58aa6f46a23aa04f494de78a4a0a327b343482;6519026;65;1;1;5;28
a94015eeb4f4affa02dffa1513c6300e5b986493;7731050;77;1;2;15;29
e3867801a20de8518b7ba249c3fa9146180968f6;6519039;65;1;2;9;30
43413dd6f7abc3c23e31d06a5d098a50e5520367;6822006;68;1;2;6;35
93b51942a83638733b6c8deba59caa655d97a71b;6014120;60;1;2;6;47
b8cf6fd931530aaf329356c699efa0bcf743f5f5;6923005;69;1;2;6;30
1ba596b3179a3d78e58850f5e3bb8fb7957dee11;7327004;73;1;2;6;34
8d1c6cfe1e462558fa1dfc351102d035b0098395;6014039;60;1;2;7;34
2ebcab73eee822e30c5af5d2dd7527b92a41ce03;6014039;60;1;2;15;28
af004a72d7b5d9e568aff127c0ea8f834b65a0d0;5509007;55;1;2;19;23
73b3756d30c612bd589905f27ca5b274f74ac994;6115033;61;1;1;13;43
e2efaff915fdf2c4b81fc2930cb3adcd5b25fb06;5509014;55;1;2;14;34
bd4713ce9184d31af96fcd25184adb32a74c03a9;7428041;74;1;2;3;25
06ca5015907f43d644fd5a91ede20434f6fecafc;6519031;65;1;2;1;28
989412e818ab7ca242cdfdbd3fbba2acd00b0a1b;5509015;55;1;2;13;53
acdb27423ce7a1df705dfd9d18337fa9544774be;4802002;48;1;2;9;42
e3d5ca5bff88434711edb6aacf266beedc44e69e;6519039;65;1;2;1;29
89148485df0d33105af6851f82277226db50dcb7;6822014;68;1;1;6;42
18a53fc225d64401086c316fb899833b6d639c78;5105030;51;1;1;1;34
e7dd27b82568166b7aa92931f04b21b0da0fc213;5509005;55;1;2;1;45
b5d350b1128e6753568aeb224163d5dcf0c8da76;5509014;55;1;2;7;40
be2b92813b37ca91eb20268ad1a6ea63888285d8;7226018;72;1;2;13;33
7edfcd56ba7608723a0c97ab03a2756b1d40e6d2;6519026;65;1;2;6;39
4e6f30dd103c6e6e0722ef129463731309308108;6115025;61;1;2;15;25
9586829eed3a6f674cd4d978783e519965bae350;4802002;48;1;2;10;35
84074d151c1e63cdeec829181a59d9478595abbd;6519026;65;1;1;1;26
bda00303d27062b9d0eb2970a79d54cc538cf157;5509014;55;1;1;1;30
933b47c845ca779510d534ffa44f83329f0efc14;4802004;48;1;2;20;37
daf24442dd672100282d0b3995a637cf5e7b7960;5004002;50;1;2;15;24
4a2976ccaf7d5784746167815823d58926397a7b;6115106;61;1;2;21;32
e33dd5843e1cd1c3972ab90a65dc81848775bb53;5913077;59;1;2;6;28
bac0e9d1b2241407cb417a3e6913387cfa7e23ef;5408037;54;1;2;26;57
6879453455342d5d2eb3b21436bc1807c3018f33;5509015;55;1;2;1;32
0e0eb9a364f2ebe899650011c241766b7c6ae7d0;6721119;67;1;2;11;39
acd31bc9020bf2f6ad27af7ef9371affa07834c4;5105030;51;2;2;28;38
4a2526b517380ba069219095d6b91416a88e6b33;6014039;60;2;2;9;34
2b27bc3d5579686feab6d4f412a21c694681147b;6014039;60;1;1;1;29
441375fdce2120c1eb5d3704973d860c2c89f4d1;6519026;65;1;2;6;29
e1c58f430adc268b5893a4850cae1b94bf8761fa;5509014;55;1;2;10;35
155a6724b044c00b762c334737124fe4602cf0eb;6923005;69;1;1;6;31
dacc0ac145f2a5bd2a0863364d7d1b3a1457aaf8;5408019;54;1;1;5;47
900891c32d4afe8e98a39de4684e18c15350c56f;7024028;70;1;2;6;55
f6161a188ad5af65abf91a6330acfb8dacda6dd8;5509016;55;1;2;9;34
0ec221ac469162bba85cbd6a6ae83b73b69313e1;7125012;71;1;2;7;30
06a11e73530670c0ab02598f0a621b84ffc894ce;6519039;65;1;2;1;29
e2d5081beeee6b04588534bf47bbc64c4df97d46;5509017;55;1;2;1;42
2da57c64924a452d44912549aaf5049a3bc1078c;5509012;55;1;2;1;43
8d9b34966d8592ada34c6a7929237759b85ad0fc;6014039;60;1;2;4;36
c59a9663a700f80b76dfe4e9d40122cb404110c1;6115058;61;1;2;4;35
858db674cae4c86b76c3f344615e3a5c7627a03d;6519044;65;1;2;4;29
d933e0b414034f16723090f187c24f8a73a3d875;6014120;60;1;1;4;39
37b99d7377abb8aa359cf93f293f51157146e178;6519048;65;1;1;4;49
8d37c46b384eba1320aca07a0b7773dc3041e799;6519031;65;1;1;14;30
af71d9941c1c6bf95011bec2f93aab3ef6f577a4;6014039;60;1;2;1;39
5c116b0c425ef3ee1e7198ab237b5fdb588cddaa;5105035;51;1;2;9;39
9d944a0df9d0ab74a5db9227cf2a6306f7569033;5408019;54;1;1;13;40
b710d064e6175ccc949b5410c02ff5e923f3acc2;6115121;61;1;2;1;35
b5c20589d155f24cd28d1cf9f30533e5f5a22270;5004003;50;1;2;8;40
95f7148846d2fa8d36d4201aa4c24af4c702bfc5;7226018;72;1;2;3;44
cc30d026bd041e02177ac78e89a35afecfec2be4;5509016;55;1;1;13;35
5dba57234dbf108ff3545c01a3192773e57c9a54;7428032;74;1;2;11;45
a7d391e783c585b9737c2f796f770bc7dc44ad4b;7731050;77;1;2;8;43
55ebf10b7d7cc89cb08b6ab9b4bd12fc7b4421ff;7428032;74;1;2;7;56
fc775e89845bbe5f2a5f0fd94ff88f271381e1ae;6822014;68;1;1;11;36
9f81429db5e6bbc00c36d4603e728f7259a0452a;5509016;55;1;2;6;33
5983fcf00592189d319fdc00afcf0f1e6b2e5e19;5509012;55;1;1;1;45
3664ae66cfd5a77a5a5e4222d8baca2b11a5c4cd;5105035;51;1;1;1;38
b31a7784075027d3162d6a915c05e520bec6a4da;6519046;65;1;2;1;43
544bb44ecbbb710250981e155e9db7641ae39747;6519039;65;1;1;15;26
651f696b6514773a1834acb67c6a6aabb914dbb9;6519046;65;1;1;20;27
1504732b7781f3af8b48652861a1ea1e6ec4ff5b;5509003;55;1;2;13;56
f6d3f859ffd9ce50b28578db7b3452e109c82a4f;7630087;76;1;1;13;42
3d33532de3286ac0819c37ad3572a771752574ce;5509008;55;1;2;1;37
2b23362864745ad74a25360f3bf4eb12b6eb69df;6519009;65;1;1;11;50
0431ee5805e9638f3b24d93812182ec88d7b8c20;5509016;55;1;2;6;37
32ed85f39b2139c857e227d25c39fcb8a5f2d526;6115039;61;1;2;10;32
a5bd54bc9a7ddc82ffa1fbde4a320991ed6155a9;7731050;77;1;2;6;34
5ae12c63593f0c14c4e9d5b834d036ed4df3f891;6519039;65;1;2;1;41
5e762559eef3de0ff32496956bc3a2c641a7e66e;6519026;65;1;1;6;44
3775c3afb11d4353bd6b970a5493a547fad61052;4802004;48;1;2;1;52
a29a2f569c77d4eb2370305483ca2a39f17bbc9a;5105030;51;1;1;15;24
588549b1f3fee81ace48f0bf69007bb8442179d3;5509017;55;1;2;6;40
37e36e2ed1a39404ce9270b3f564cb7afa4b4b8a;7327008;73;1;2;1;29
f9dfa4b57f3fbefe0a932ae8a4e5c56eaf4e8705;6519039;65;1;2;1;43
341cc326e0851894259d1e0cf0054966906cc8e8;5105035;51;1;1;6;44
d79301179afb21ee244e4dd1dd539564fd65b42d;6923004;69;1;2;6;37
e8b5308b32e24f3333d5180ba0d090cd12591783;6519039;65;1;1;1;39
0e91fc4b2fd7104e53c57c2500fc15deaa0c335f;5509007;55;1;2;15;29
0686ef5970f3e3e29ba54c0e82c22364cb1ade90;5509012;55;1;2;1;44
7bc4125707eefec6bc75330752b569049467e967;6519044;65;1;2;8;24
600bcaaa54e4b062801f7eea3f08541e97ab3dce;7630087;76;1;2;6;38
c29798de297478fee2308ee3e12cd2dd4b44bb78;6721114;67;1;2;1;66
b7c3a205e5fc6fe2fb4a0f26a5ca6569187dd50c;4701001;47;1;2;1;48
48a4e33204d499333c4b8d7bc8fd4ef6433234dc;6115013;61;1;2;7;32
909503ac66a33beb974546861a29b9edc1d154af;5509006;55;1;1;1;38
7756640069a6b56d01cd238ab20de08e97c7c798;4802004;48;1;2;1;26
e52c709c7147ad2c5fae1049f2d8ccfffdcab197;6115106;61;1;2;15;24
dc7685e74f614b20b1a9738b5a8fb091c7c0854e;5913061;59;1;2;6;37
f827b1b18787c476a5c5c5bd3653aa2eef3cf9c1;6115121;61;1;1;23;49
35d11a28bedd333dd4abd48fbdcdda0199f12462;6519031;65;1;2;13;37
1137144400298dbcb716b2ddb2760991989015b2;6418020;64;1;1;6;49
1149bab4e75af718cce2cdab716824e584c3d947;6519039;65;1;1;13;35
38aea4f15b9ddd201ad4126c09ac898ff4fa26fd;7630193;76;1;1;1;51
48ac89a09a8508ea30d855fd22439b1cb17cb8ee;6115120;61;1;2;6;37
fb31fbf220277579fa1b9d3404b3c574f033d27f;4802004;48;1;2;6;42
d086632b1bcbd27e4f05b991dcebbaefee31131d;6115106;61;1;2;8;41
dd368088ed7f37b40f51156847449a0ed03f8e06;5711020;57;1;2;1;36
8a6c7204712c11c08cdb6d6397e5a7c710610d83;6519039;65;1;2;17;49
7298427091e4bbb77db0afbf9b2b8be3cf9bdc93;6519039;65;1;2;1;34
13242b4f5148c8c33d07d94dfe506e8af3fd51f2;7731050;77;1;2;1;34
35b952a27bd455afcd2546744cb6797729e37dc5;6519039;65;1;2;8;28
fa31f13707cdc920488dfa3c400ce9ad753795ba;6923008;69;2;2;14;37
f9674cccab9da1fac99c0cfd46da9029be31ea64;6519048;65;1;1;4;57
2b123fc6b4d0f90d942e2a59f3973d05ae9f36e1;6519026;65;1;2;6;31
8ff077cf5a0fcdc8a9e9c7be296db30c2330d9ed;6519039;65;1;2;6;32
a4a7e21956e543379c52a4b6737d87ce6481ce1a;7226030;72;1;1;6;45
24ab4d5471cd5dc3ea7c448f48d4af894996c9d6;6519039;65;1;1;1;30
21edbd2c54a64bcfb9ad0226eef2cdf10b660d64;6519039;65;1;2;11;28
634c4e7c1c9666e5245b1dab2e69a3966a93a55b;6923005;69;2;1;11;28
10b8bcff4152f34cc185649489c19bb75acdd333;4802004;48;1;2;1;44
3fb5cbc62935f4c3ffdffd687d89dbee1e3ab033;5105035;51;1;2;6;30
bbd4c87c8a8cb1219a115d7c6a2324284653331d;7832017;78;1;2;10;44
e094e0fdbc30c2c0a58b1154ccc92d8d9f63d7e8;6721074;67;1;2;22;54
0066f66c7fb0d1102f9f924a56ff65a5fcaf3cea;6822014;68;2;2;21;33
a0324149308185fe89e8eae563146bf3699373b2;5509012;55;1;1;12;35
50455a1ab19e725b072401133069e4c450776be2;7428027;74;2;1;6;42
10038dbad4635f198d7c48b8a75dec05b2d33980;5509017;55;1;2;1;37
38c9bb1fe98f0cfbd772924a967712e29fdbbdbd;5509017;55;1;2;6;32
23024a49aa80c0885777892528f446c9999b584c;6115013;61;1;2;3;42
59463b72358b88a519d47fef01422dd90679d478;6822014;68;1;1;5;46
66514eb416f23a1fc96ea886ed9013f1d7e47576;6822014;68;1;2;10;33
a20af678527db70e8376fb01d5d2c211d52d8a63;6014097;60;1;2;1;29
9293229c981183b01d9f33bad59b90348f6c1e07;4802004;48;1;2;10;37
8639f50df7cd76bb2ef6f82a647ccfa11cad692a;6923005;69;1;2;16;29
5a31e1c2f2dd2a4443f0edd81e38dcd4e63006a5;6519046;65;1;2;6;57
731a25b6b50f92aea3048d81468d5b0e0285ec78;6519026;65;1;2;6;37
352f6a15a062b6ec9c5ebd1be3df144e523ec97f;6519031;65;1;2;6;29
4a6b436f751a3e0826111df83288ac4a15cc8a7b;6317011;63;1;2;1;41
318aa1bb8b74e7a29a048648e962afdd4754e21d;6115033;61;1;2;1;34
55916882ee476f1d3819d121946ea97945071324;6822014;68;1;2;7;32
d4d6b0e75dff26c5874359e40ec942a9fc3b44d7;5509014;55;1;1;5;35
755c7f9e94e2ac5f946e95d4b644d2f7a033d049;6519039;65;1;2;6;43
ce82b93a449868b08a89e5090f84ec9d64d8244f;5711041;57;1;2;10;30
8be9d16084ffd243be9a701257f2321fa0e89fe6;6115033;61;1;2;13;38
2b9bd1e760a7b21b7a68a48ab066f57178a3c2cf;6519018;65;1;2;6;35
98402e530a02a209c437681b0aa1bd194bd848b4;4802002;48;1;1;8;52
f6a1eae0932229c7e15d645b86981926968fac00;6216053;62;1;2;13;39
ed4dd39f391e02541354237644471f86f80c5665;5509007;55;1;1;1;57
a284884e58891c89c5901ead15d973634dd0edad;6822006;68;1;2;6;37
a0a5001e7c4fa7e7327e38abf619014426ad3b30;4802002;48;1;2;13;52
70914dcfad50caea735fc18617bd8eaf8042e55e;6822011;68;1;2;6;36
4a6e530968c2d75bdf953536dffc3ed73c171adb;7630133;76;1;2;1;31
d12a58b2964be79458dd266c7140da4926729178;6620067;66;1;2;9;31
1a05782def66e1904c5dd40e255e21c4fc0a50ac;7428027;74;1;2;15;29
64c5cd406031935a766b57fb3deaf671b5e71c6c;5105030;51;1;2;8;30
a3b1d09c6bc2d8caf5cddea036c7da023345c6af;6014098;60;1;2;1;33
faaaa72f9531d0e63d814a4341b5a21efa913fed;6115057;61;1;1;7;44
fb0d4634bfd8d909cc77360d485f9aa701e05668;6519018;65;1;2;10;41
fbb2eaba469e53937829fc7ae3be48c183de8698;5509012;55;1;2;9;36
aa8f42e25a276157c98010bfde6f81bd116350e5;6014120;60;1;1;6;63
dc7deeed7f0ee843df681db92043894bb1adfe81;5711020;57;1;2;6;39
0e88c6a4def87b721b3e87a13684bbb4b27bff05;5408037;54;1;2;21;33
e7d1cadd6c82b310fb890922b7d12fc422680443;5509016;55;1;2;13;37
e53b46bd85606eac57265c33833c7e88f6bc574e;6519046;65;1;1;6;36
767ace30e46ae862a0f0e2188c2c10c970e628b8;6721114;67;1;1;5;31
7cfaab17f2f6674493fecada940adbb22d46cdde;6620067;66;1;1;13;31
95ea249610a42069ff9971a36bd269ec9648c0c7;6014039;60;1;2;1;63
7d1781ca25c6b9193c63f0c31b48496f69ebafe7;5509015;55;1;2;3;39
48727f042c4ef97e85d65fc0262b741536b9259e;7024028;70;1;2;9;35
c6ed7b76274d0eb704a7d2e767b21ca165ab4f07;5408019;54;1;1;8;31
3da0a71095f7e73245688514eeda93c83a4f1c57;6014097;60;1;2;1;44
9359dd7bf60abcdba2ad28acf353bdd95da8ad1f;5509014;55;1;2;6;34
a561598c0557841fe1afce6f22f4d9dc2693349c;6519048;65;1;1;22;28
7cdb79ce86ee85899b8eaf273922ff9126533c04;6519046;65;1;2;4;35
f235f46f46af9e68da838296934e54a75753db39;6519026;65;1;2;1;35
6a9e779aeaad04859d376e9f3900502773e8cb49;6519039;65;1;1;4;41
b64721f7b74e2313dc269403b45889e9e3012015;6721114;67;1;2;16;34
ee347b1bded86c9f06268ba899a4c63a00f89845;6519046;65;1;1;4;36
608a14981bc11bb66ccaadcbeb5556ec6b53d9c5;6519018;65;1;1;4;58
948cae8cd75b15b68122521d530ebbc249d2178f;6519046;65;1;2;4;49
be1860c7db721701aac2254d0963a1287954a13c;6014120;60;1;2;4;27
90dcdb6ecd699f0c7772e12fb21255f50fea66a9;6519046;65;1;2;10;34
45c81f79d6873b1671aeda04d3e149215a9f9c11;6519039;65;1;2;1;37
6e0374760c31236707dbc067ba54f97138836e13;6519026;65;1;1;1;33
303d5c632f7601e1b111c363a7e63caba936c1d7;4802004;48;1;2;6;27
5e19d7b6df15f3d7f96884b866a465f3101aa88b;5408019;54;1;2;6;28
9b876fa6afa38bcde1c9cf623c97bc6d72c373df;5105030;51;1;1;5;30
5db18df3b6c2333b245348535b7a4da1ca0bd2c7;5509003;55;1;1;13;30
f04b7097ffc7a493b7cbee320077e820c3c4dfd0;6519039;65;1;1;1;30
a64e33ddde94fd25efcdc21806c24cf254bf7bb7;5509010;55;1;2;6;50
c5c8ad0ca3a10e1421c8ec4759ee438ce4f96ae3;5509016;55;1;2;3;37
8b52652735c76886384a04b48de015c41b8a3c97;5408037;54;1;2;8;30
1f44a491bb83cf8201accbe64e4044edce21644a;5509014;55;1;2;12;33
b2ad3f138a63439e4334a3feecec057b5f9d0151;6519039;65;1;2;6;28
4667c76e03053ebf9facf3a720ce8864d6053aff;6519039;65;1;1;3;35
15cfd7572e402f7b5a63994d01ed4f3dc2f6ab5d;6519021;65;1;2;7;39
029be42d942d33a14cafeef661143d8940a9efa8;6519019;65;1;2;19;33
7cb0a722b5295c1e3fe63a34d8f0a39735f48c59;5509013;55;1;2;6;32
4582b824657edfc5d98afeed18cec862eb7529a7;6115013;61;1;1;6;39
a91abe00e64d64ea798dd6af5ba30b717c254143;6519006;65;1;2;15;42
28be368eb32c6f0d0678f565aea52b3514244184;6519026;65;1;2;6;27
374b3864a8a4ec45274b95a538b472ef639dc4b5;5711020;57;1;1;1;37
a9f8a55b4d45b327ab1bbb2b13957a5793211e5f;6014039;60;1;2;8;38
2c66d7617fd7f5ad2e1186af9fde8ca68a5050e2;7731059;77;1;2;1;53
512c437bf21682a382869484f58f92ab1fd0e6bb;5509002;55;1;2;10;33
32287a982f01844ceed614cdcbd5595c839c0faf;5711012;57;1;2;6;39
f0b3d4b429d76883019429ddc705849dd52e7989;5509003;55;1;1;9;35
18c6c39219059e0995200d725c4c678e22a8ff3d;6115057;61;1;2;13;42
e2cafbb1ddd2f71901ab0728505beb88af99e8e9;6721119;67;1;2;3;48
fc02deb85d95900d93cc79255135f4fb71e33d93;5509016;55;1;1;1;42
5337e135793c689cd42384a59cfc0734e156a0d4;5509005;55;1;2;3;44
9387a7f682cb111ecab07ea34594d897375e46a0;5509005;55;1;2;6;47
8cdc91b8f618472c5abb5a02ba6c5c4caa714216;6115033;61;1;2;1;37
e5013ed79b834f2d13dfa702abf3572720237a37;6519048;65;1;2;10;39
cda31b10fd32f693212cacd33091e6c055cfc9b0;6115057;61;1;2;3;41
1baf880d1068916c6a97c1f9f1e1a4992c112004;6115013;61;1;1;21;33
6faa3ee0e5a504273037aa40982fffe22257e9f3;6115122;61;1;2;1;33
3e6bbba854dec9e883e941f4e58f205093a9c738;7630087;76;1;2;9;51
6ff7bf796cc1c0f3ef8792b317c4bb9420d98904;6822016;68;1;1;5;58
582e15ae35229c32efddace056a2fbf066c9c2b2;6519039;65;1;2;13;30
7e044ea76ba6840d53b440a538cf2ae270041ca3;5509012;55;1;2;14;57
c7ce09b9c155c50dedb7f2483f8dd7d2f585e66d;5711020;57;1;2;9;35
e485a17e4902e9cb26ccae0748a2a135cf00af0d;5509007;55;1;1;6;45
cf6a5919385420851cd022787b7f73ec1e11e494;6014120;60;1;1;1;45
14cff7d231f81bed4d9cdb097afbbaacce2bb32b;6115099;61;1;1;5;32
983d582d5cd7763d3b446a440287de609405833e;6014039;60;1;1;1;46
355af65b99244316bcca3eac93108d4c19a55d62;7630118;76;1;2;8;29
e96f434db883f00393a0b09c7f65058893204da2;4802001;48;2;2;6;60
b7fab95a4afc9add00b1a3804777f6cbe4269130;6519026;65;1;2;1;58
6b759fb4fbc85f65f971b86b71e30d46b304b0ce;5509003;55;1;1;17;35
1011e03592e1268075e99ab982c66f9d03a61443;5509017;55;1;1;27;41
724cadcb7d637ca3f76ecef48b0ebb849de02951;7731050;77;1;1;5;45
0be4d7b035874bc846e23a579c637094a647b044;5711017;57;1;1;8;38
68c8775caee5439001503cff4ab60d9a2ac8c0d9;7226018;72;1;2;11;38
2a892caf801d099e30e95ab6cf01fee49e69d126;5610005;56;2;2;14;54
f688c362e523c607788c63b25c46e84d347b3833;6014120;60;1;2;8;29
34f4a11f23bb216e73953628d530d015823f73d3;6014039;60;2;1;6;39
cc2682506f47e28a3ea531bdbe3aea32fa44949c;6115057;61;1;2;7;32
f87733f545a5ad852cdc4df9713715c76bfd7503;5509012;55;1;2;22;49
ee8e7ab3e1ef697209bff6f5a8ddd0e35d16520f;6014120;60;1;2;1;29
721bcf16a1413836a3484f26aca4c4ef46201860;5105035;51;1;2;15;29
7f8453c4e52e8b082868bd28284939b8ec84a6ce;7226018;72;1;2;6;32
08b58fa544eb71cf1fde51fd4ca077166653ec29;6721119;67;1;1;1;32
12efd2e563c31368e7fefc29459ebb0636f5c8fb;6115020;61;1;1;6;42
22da312490a4c7baecab07d8bb025504dac58461;6115121;61;1;2;8;34
57f5e3b6f6737f9a588cba70555b539725a41a6e;6519033;65;1;1;10;31
2a98cd9805e79d84f8577368ae2bd34b20cbb3ec;5509007;55;1;2;20;31
67e2867c6c43f1586acc2b898047e81ece71bc38;5105030;51;1;2;15;27
a6f5e7d206f1ab8d5952fec788a7577becf9c76d;5408019;54;1;2;8;30
5dea7c86fd7d3f666ca9ca33c69f009c78a61f33;4802002;48;1;2;4;32
57aa0b3f964f3a37538e7375743fd1640e5a2991;6519006;65;1;2;4;38
9ef10b24c79919391e3f50f7d5eb461bbd609f2f;6519021;65;1;1;6;45
78ca9030f33abccdb93ce9e1ffdad2bdf285b01b;5509012;55;1;2;1;36
064a7e19386fffe76845c0af12b8971542af1270;6822014;68;1;2;13;35
38490bf6b01a57eabd7b2a88b2cd9c6319763eff;6519006;65;1;2;4;42
1d7e06fb4e56e8479947a885f433f2d38b83b08a;6519006;65;1;2;8;30
65323a2f9344e7b8729f907eb525496475921b2a;4701001;47;1;1;3;28
88c6aae29acb00dea92921e4c6cd6c86971e622f;5509017;55;1;2;8;42
825a553d909caf4aaab4d01d171708241cc6cf8e;6014039;60;1;2;11;36
3756fd30f780bb371da21f6233b2813da6a66f32;6519019;65;1;1;15;22
b98cf65853a72e51c42dd81fe2e2e2120f4bef53;5509003;55;1;2;1;56
2866a43d62f992328f063167fa2daa8810bf94b9;6014070;60;1;2;1;23
71f0def5b6eb244227f3178c5ffaf8d01a34c644;6721114;67;1;2;1;39
19083d810e11d4b233aaf064d22d8f20a57fa18f;5509016;55;1;1;1;29
21a634e5c4dc9c243a5d48a09814b55da8695048;5509005;55;1;2;17;35
3d7a65986ee6b363e6e612af32d2d98b611e4345;6822011;68;1;1;6;44
d04a6f50792e6f3b35cefa853015bafbf66ba2e4;5105035;51;2;1;22;41
28b25d8e7386973d2f37a308cd998baaaadd94b8;6115024;61;1;2;10;42
98fe1ff6ee599fe387dfddd517acf1e333150a01;5408032;54;1;2;15;27
a1815c5aeb53bfcfcc67c76cb246a3a2a79afe08;6519048;65;1;1;1;29
33186fd11098854178144df7bc06ea95555f9f4a;7630065;76;1;1;13;49
3d14b7dace516a8fd9e9b7422ddf86d67dec31b6;6519039;65;1;2;15;26
f054e14506e3b3f78a6dfd173dbc17e63b628146;5509016;55;1;2;10;41
fa3818a5aa44edd9629ee46c83ca3e106a977d7c;6519039;65;1;2;13;24
193df2d347c800efa8441c7b2403271da9ad437a;7024028;70;1;2;1;37
8e0ace2e33ad0399023ba42beb7b0fe1b10ff04d;6519021;65;1;2;6;127
e18a0f4ba29d87832a895daaa1e21b7c5d3fdca1;5105030;51;1;2;8;33
5778ad39323391645600bd6b8c8bf50ea9e0e979;6014097;60;1;1;6;28
13383ebd8035511afaafc654962903d45856210b;4802004;48;1;2;19;32
6dfd8f598a7fb6e9ffcb19c274af30e1a5651fc3;6721114;67;1;2;9;32
14c945505e92346138e19910742be93a34fef2c3;7731050;77;1;2;6;50
8c755752bfe4df409c27a289283216cefce8816e;6014120;60;1;2;14;42
609aacbc80e6a412b16e029c2804c1a47b956240;5206010;52;1;1;9;30
19f23ae495f6fd4277519a2e6eb30f0b24d738fc;6014120;60;1;1;12;29
c8d4cf70c436699780ba6f1a8efb8a7adb6f8b0e;4802004;48;1;1;9;30
644882538aa1b17b4efe866984ee11b4e410534e;6115060;61;1;1;1;34
5ce61f3272e048d597c4c9542d5749292ca8a582;6519039;65;1;1;6;55
be59d08b33d1a1150a27fbf0aa6150b9a1df8ddb;6519018;65;1;2;6;45
9084ec79e650734c8689e3fbda1fd19bfd0beb60;6519009;65;1;1;5;32
486da6137f763fe25d2e1f0a6c350643beca4749;6721034;67;1;2;1;30
7bb2478c37f4cc9ce97a4a3038f2b54d4ff5065a;6923005;69;1;2;6;30
f39b1b650f61b74be55bc74529b5445545a76e0f;7024028;70;1;2;8;42
6f1d0eb30159f8416b93f445d35d8e210a5033ff;6721114;67;1;1;11;31
56fbda0a3f6e0a1f390c9de1f1aa0738598ae3cb;4701001;47;1;2;6;43
e63814291585a4798285e1a56ca1c5922cb40809;6519026;65;1;2;1;31
8ee0c4e590692c13b5d2d75745708c0c37429742;5509011;55;1;1;13;35
072b18c67074cbfff8122908e96cce23d19fd18e;5509014;55;1;2;6;65
ea055750fc787d8638fa1494cba27d469250f888;7226030;72;1;2;14;64
b6e11578d4b788c74a87b53f7bb9a336cbab4c7f;6519021;65;1;1;1;30
f6513033c14b49d70f2002e7701c8ca9a6b09410;5711020;57;1;1;1;31
d554051c1913aae51c88b64d841cf922a5f44844;5509015;55;1;1;10;34
f9690cbd8da49a660af7bf16b703e895f65bce7e;7630193;76;1;1;15;25
8849058fd68a319f2b641b6311df75228975f196;6519039;65;1;2;8;33
4bf2cbca467dd940c19760d80d739863f13a17ef;5408037;54;1;2;17;32
5259c58510da270998a838f74420a14c4326c218;5509007;55;1;2;6;29
6bfe027e5f30a5d6dcbc744c3e3712966d6fe9f6;5509017;55;1;1;19;30
c77e1638401cf69ef9c46de6611929466b739b06;6115104;61;1;1;5;32
7a8b1a65a566bb11a80d1381aba840f8dfde3c1f;7024028;70;1;2;6;59
ff67da037fae796809be0e36fb9cdd0e191c38a4;6014097;60;1;2;10;52
e32af034b3e3736a180a280acc02259817ab9ec3;7731059;77;1;1;3;30
710f13196a0f9109e22bc73c2fe76f22fbef3dc1;6519046;65;1;2;1;37
8826fcdebf2eb8d6493ea4039ca0555281c936bd;7125012;71;1;2;1;29
205f300d7419d89f8b0b8d524ae98b069a4e6b9f;6014120;60;1;2;1;40
5fbdb84f345421d7fef0d0e939fb6306a11a03f1;7024035;70;1;1;4;43
3fe4f68c28036aa4b14033bcd4fd8d3b714248b2;6519039;65;1;2;1;30
45dd96a1dc64e4185fbf83e4948e33ba148cb45a;7428027;74;1;2;4;32
6e88ddf7fec42fd34cf13670ce1a9c458feca6df;6519039;65;1;1;4;44
cdd093c5a2b0ee2dc8a7b51a970d599c8ae6eee4;6519039;65;1;2;1;30
d40ba3f8d0b0510535c4e2566c77d31bb6eb1d3b;7428032;74;1;2;4;41
4547dc376e7d4d3b3076d887f6389c0dfa1ca6ec;6519026;65;1;1;1;26
b00279fb16bfaebaddb54c8a99f2ca01052d1c52;5913048;59;1;2;16;35
691131f1b1ec1d18a55e734fe95b31f3d7cd9463;6519021;65;1;2;6;43
69c50b2f7080b64f7347f2103c1d29817f05bfc2;5408037;54;1;1;15;25
457838a93f97361ca8509d67bc2781f66798f284;5711020;57;1;2;1;31
3c5fb898e8a5123c63af7e51eb27d9bbda356db8;7731050;77;1;2;16;48
b89ce5f8732dc10a25f5e155bc276a7ca019f73c;6519006;65;1;2;8;28
03a0f8bca94b5801342b9b479213fc548b3f0dd1;6115054;61;1;2;7;38
0decc976b7210aff945d6f0726bc267319576fa6;6923005;69;1;2;6;30
5ad912a1ee6a03a1aaf8c25b3d55c51cfd6241e9;6014039;60;1;2;3;28
58b29cd6b54a7c9599caab6f1b5e566a4739eeab;6519006;65;1;2;8;34
70b2108bf2ef4a8f5c48c7e37aac4c2fa10f1831;6822016;68;1;2;7;35
b9883152901134619df4f4e015f40de95c060392;6519018;65;1;2;1;34
2966b3f7fe735ecb30e21e1a747a616bd84c32ea;6721041;67;1;1;6;29
85c9251008b354f4a9c13fa824257e5ec95eea36;4802002;48;1;2;11;28
4a3f6cd27b2954589501feb2addc54d50426cfd6;6519046;65;1;2;15;23
7777ea458a673b6a56a928b2635fee715d991fd7;5408019;54;1;1;1;39
2ab0ad212f835d4a71f24814cd5acddaba23499d;6519048;65;1;2;1;24
640c59598173b1b6fe6fe9550f16973855a22a7d;5913048;59;1;1;6;60
178667f76d2cdac1d280275b655fc43f94c5f684;6115106;61;1;2;11;35
a4b1806dc8df069494a3386539cdd94ecbfd15ce;7024035;70;1;2;12;31
d8958c04f39e2444596b7030923f81f5ce1ab94f;6519019;65;1;1;1;32
e124107d427c7e1008a4801058040e2d220b48c5;5711007;57;1;2;1;48
4f17b34cc13c2d6b2902c62f65ec8fe66e7800f6;6216053;62;1;2;26;70
96e6de6c2996b73ab71226f87683aadb398edd16;6519039;65;1;2;27;35
0d5046acc98a944a452ad463109e296e1c2b5ada;6822014;68;1;2;10;36
a0f2143d9a7f85544a498351a6b08b2606c91552;5509016;55;1;2;1;39
5c6052ff34f2bde4660c30bcb145b6cbd48494d3;7226030;72;1;1;10;41
b9ee4d87f1dfb8091d1ba5f41a0e15f3cf8cb219;5509006;55;1;2;1;37
d311196782c8235ec4a7328fc2ca43f2508a891d;6519046;65;1;1;20;42
18e076d2bedd0c317d8c602959f19778bd80dad3;4802004;48;1;2;6;31
d7d1c3899f068c50c4cf36d1d5471ae4be3b8fcf;6519048;65;1;2;6;32
b5dc5a33143864b01fcb864b2c73f4213aac921e;6014098;60;1;2;1;35
d770a39bda088166cc9a88a2669058cf74fd24ad;6519006;65;1;1;1;44
701d2d0170b57912d912c95baf14488d52edc0ed;5610005;56;1;2;11;38
74aa2f52f2d9b14d8830d7650755780a73ac9294;6519039;65;2;2;14;35
de3f4a335d5bd366fa2dde898cfb9a4480141b35;5812029;58;1;2;6;33
9fbdcb7d991a19947b14a8aa6d2008d8fbc556aa;4802004;48;1;1;21;30
7b6b767b7d186d41f2eb825ebd6a52d09b68573b;7832056;78;1;1;15;35
86517617ba88a7a340b92fd5466c743e195a6381;5913069;59;1;1;15;28
118b9c12c0cc787f35910501b6fc56a1044616ec;6519046;65;1;1;3;35
c27b4f23ece67516a9db6140149013227d33bfe3;6519019;65;1;2;1;33
9cf1644d1e64bb2bead0aab1b108a451c8332143;6115039;61;1;2;15;32
51730a5cc96915dada5206855d2cfa91e2bb823a;5711020;57;1;2;6;41
7ad8823e130d5da2480a3d5971760ee30a6d2a2b;5509012;55;1;2;6;38
cc52c5040665c98fbd9ed8b54174f124882df68b;5105030;51;1;2;6;40
e24a41398227a09665ddb8c373f9d83ba786c34d;5509006;55;1;2;1;29
3ac25ec7fb34ad0b2e0a19522a5e254069d5c491;6115033;61;1;1;12;35
77f1883677693ae9d1286d16b4ce3208eba85711;7630039;76;1;2;8;42
a32e74d4f7bec358001ea6c0c283961de74cb5a0;7731050;77;1;1;13;33
f5f90a3c3c1f0cf85782cf5acc300bbf07073aff;5307101;53;1;2;15;30
6bd157a2af891f2e54c6cca9fde28cc46fe1dbbc;5509015;55;1;2;26;64
510c541570e23102a11c027b62eef78738939ee1;6014120;60;1;2;6;37
e1a5da3a5b01aa49bf60ea885a088885dc3f046e;6014120;60;1;2;16;43
3f3a1ffbc6fe6d883901593fdb2a6f1334bfe822;5509003;55;1;2;7;31
866146f5d969bf6394aeac5cb1290da4bc85d93a;5509015;55;2;2;29;44
c02f74daf2f7d15b04528eb001361ff239c48160;6115020;61;2;2;7;32
a9c2603de56c371022f3b03cfbc5e6bd2cf2b40a;6519039;65;1;2;3;32
3120175b663c09d1900a0d93ea425409e80d9065;6519048;65;1;2;1;37
4fd1b99d3b69d6cab1377b24ae4bbe937ba452c2;6014120;60;1;2;4;37
20dfaed3de03dc36d646ced9ef3f3107135bf261;6519026;65;1;2;1;34
b82958de68240a0364e57aa2e269575d62d34619;5509003;55;1;1;6;42
bf6c06fe4c0ecab18f2a1dea343380333ef3ad2c;6519018;65;1;2;8;27
6419c03c1ab2381fd68697ff83da7f70598d5de3;7428038;74;1;2;6;41
56e8fe4162363467c910e0adb281201068886b5f;5509016;55;1;1;1;36
f593cbf4a6ffc532cdbdf9a316879105770a364a;5610007;56;1;2;1;49
69667e5374b357bb154f7e43301d9fe63d988377;6519026;65;1;2;6;29
ae89ee98920451694ef71179ad578a609c1f1849;5509014;55;2;1;6;48
1c43f059bf1be21b3d5335fe526edb605441b279;6519039;65;1;2;1;68
4b787ea38cf126633eb1880f5e9673d54a837141;5408019;54;1;2;10;42
73239fd0c2156dd006183fb10db2a6ecbe1944cd;5509003;55;1;2;6;47
2ce291738ccdd8f357af2b3200e839d9bf417104;5509010;55;1;2;6;47
aeb4a009434ccaff9177478e4a281b7d05955290;6519006;65;1;1;6;44
d6f65740c1d71f01a2f759b597c53c00cf861d94;5711015;57;1;2;13;42
d9f21ad401c5b477060ba35bc2e701b5a147f25f;6519039;65;1;1;6;28
c254341cb03556c6ab24832f10fb2c09b534399f;5509014;55;1;2;27;37
1bf032b412d043f50f342abd63caf32c9ca8b216;6822011;68;1;2;6;40
95d618773483c5fdad248fda106729293a371e5a;6519046;65;1;2;1;29
7894a1311b46a9a9d6d0532459efd86cf49b8d2a;6519039;65;1;2;1;32
32c7ad9e633961d426161e9d5f52d69d693ad2f4;5408019;54;1;2;16;46
c56b5f643de3f707457380554282baa023805cdf;5509010;55;1;1;13;34
ceeadf833691317b5164c3af3b5eb5bec6297809;6014039;60;1;2;6;39
afc5c75181ded2027b74c6be37a7750d141672ae;6822014;68;1;1;5;67
8a54bd5df337b542436dad02966fc4d39d257b84;5509007;55;1;2;11;28
cccb166e3dfd247a783a4dc37d8dccae02c1a9df;6014030;60;1;2;15;30
deb2832f62fb349bbdf8dcaadc142e5b2f52affb;6115104;61;1;1;5;62
85f07ec658a4786265c44d31ac48b33f9b9a7213;6519026;65;1;2;6;37
f1209ce4c621bff64af5dd695ba00834a8728fb2;5509016;55;2;2;14;34
ec6925a3e60fbf01a2f92187a63490f259cb6b60;6519046;65;1;2;26;69
e4b79427a66091cfb1464c7b771b9ff325d3f3cf;6014120;60;1;2;1;35
d1102cac569a5d0e3925f52aea1748056db31088;7428041;74;1;2;6;33
0d0f7fbf49570487b719baa9825e2813616b4eb0;5509007;55;2;2;7;48
eb5e5e38953fc2c50f2ad8238bbe27293f42e22d;6721136;67;1;2;6;36
4a0e9c1e7d21dd894cd6b6439e6048ed03dffac8;6822006;68;2;1;14;34
5cfded7fb07a99e6f110514fd0621a863c41e6ed;6115106;61;1;2;14;57
248ed02cf2aaf651bec13d4560f4eea3e159bb2b;6822014;68;1;2;6;50
1369fc1f472280b9437b6e36e8ac4eac00dad607;5610005;56;1;1;15;39
18bfa1828cb73a941d6c9baf3dfbabd4045bbb86;5509005;55;1;1;16;49
56c6c0ba18cf03053ac17069b809478fea1e0923;6519039;65;1;2;1;26
a166075228e62cb7e1836c2b99da1fce7d0a4bbd;7630039;76;1;2;8;39
394e4fe69a80610192d1ac79396a655e45e0ee03;6519039;65;1;1;1;47
904f611f32e5a32347b2f5bf7b45d47d7be8666f;6115057;61;1;2;10;38
9aaebb19f1f0c661c899f1b51c8363040357006f;5509015;55;1;1;3;38
c6f4341b49f0b31eb9c560de56751d4a2cab7190;6115099;61;1;2;21;38
d58b33bcc9b51404dfd1f03595a43d6b020345f7;7428038;74;1;2;1;41
93ed210af06f1fbb016f6c47c9a24a77549cc3b7;6115103;61;1;2;13;40
1eb4fd9176e9e8f30737349e329b421f7a0d138a;5105035;51;1;1;13;38
25b4deea3e686cc2056b3f5e5cd6955b9dafa4fa;6519039;65;1;2;9;39
e9809ebe63d968407997d3da91f702cc06e3f058;6014120;60;1;2;1;36
a2a7b64ce3b3a11994ec707a6c023fad12d48ac1;6115033;61;1;2;6;51
427f0476fdcba1c99780578471e7d046c87573d8;6519021;65;1;2;4;34
12454b0533c41dbc5ec85d75835c5af0bbe80e90;6519006;65;1;2;4;28
e65c8a934928117a59fec231cb8ec2fdf8c67100;5105030;51;1;2;1;31
3195d197ecc32f99ce3853370c2c84c77ed37602;5105035;51;1;1;4;42
7846f73fbe7a378b83691584b286ff54e1856088;6519006;65;1;1;1;40
5cd9f234bdb43ee6e181b5dfacedbb25c882504d;5509007;55;1;1;5;44
1add80fc61028f13c3b6764b8b68e61e6507fbe9;7428032;74;1;2;8;27
a067a554be1ef87814d404e46a03109caf067a0b;6519039;65;2;2;14;47
ecfcc91d200e5dd496bd7bba2c18a7be382a3e9c;6519046;65;1;2;1;34
34c0a2a57f819002672a6f2865482b9a775f166a;5509003;55;1;1;6;45
4f54b58cd8248a48a3699238ea8ee24ba20c6131;6519039;65;1;2;1;37
8391ff755e5d0f9046039baf33a1bdea75e544ec;7630028;76;1;1;6;46
45bff3c73e358645915f680f0222dee6bd3fe290;5408019;54;1;2;10;47
f97f2b2a6fd7bfc104e6e18468f87f9af4527efc;6519039;65;1;2;1;33
66ca0ecdca30f41c8f280c7590d1395e4f465510;6923005;69;1;1;12;30
9b9cf8b46d8a0cd437694377f89b220fa6b70e18;5509006;55;1;2;1;60
ab392368a31e3c4e388066cbe3fe894369baf499;7226030;72;1;2;15;22
9217509358f661d0ea3b2206b4bd414a83bf6129;6519046;65;1;2;6;38
90a44c82a71aae25ead34b5e5f0d93e2e6ba2668;5408037;54;1;2;6;31
e5fe4afa9f64bab77fc22542854c2f62884eff2d;5105030;51;1;2;8;35
35e8b5181a0ae32220502065e3f8b2bfd3eb591f;7428027;74;1;1;1;33
adf0631d7bc45ffdd422b11258653c589e523b86;6822014;68;1;2;15;22
37755e3aa8941e5d997be23a564e70abf662ee72;5509012;55;1;1;6;33
ac4bc91bfa07d8f08793a9e1564a930868a72d7c;6519006;65;1;1;1;40
a7669b14fa85a3f61286f1af70c98edc5d32747a;5509014;55;1;1;8;36
944f8cdb4369831df168b8e4170a0eaf8d17ea6b;6519039;65;1;1;1;40
addebfd95c1b7303430d2cab69f579522ab69dbf;6014120;60;1;2;7;43
bf4ac2c9e1fcaa3fb965b91ca2e72a8e2f51aa7c;7731050;77;1;1;5;64
59d1d22e6f56b6054b043217a7269cf44444d32b;5610012;56;1;2;1;34
b220a8e71446cd82d95ceb63fb9f4a2ad4d058fb;6014120;60;1;2;10;42
e5ad37405ba40bf5761c9b0e9b5fabfceb84c14e;6519048;65;1;2;1;35
a252ec714aa10c6bd4ef51855ed0d7a4bdae9fcb;7731050;77;1;1;1;34
0132462ee1acf1c37e7411b20bac94e1d19959df;7630028;76;1;2;7;38
bc72901252a576e7e9cf1338797802e16098c93e;6519039;65;1;2;6;24
1cde06e09d2a9424bc7a0b65baaa91fef40f9c57;5509012;55;1;2;9;36
f4388ba025e29777a8c45dd9e7c3983e681c7feb;5408037;54;1;2;11;32
eb93e75516d918283b0435af21ddb59fdaea088c;6822014;68;1;2;6;58
1f28ccc615fd3728b28b03270fad3515df299bde;6519026;65;1;2;8;51
37ace794f7017a06963b6fb9b29921cb643a7859;6721114;67;1;1;6;33
60505a2e68c462e2180228e350206fb42cb790f9;5509014;55;1;1;19;42
7ed1cc81ae524309271cbd22c7ce7db82c12cba4;7024028;70;1;2;11;61
4a0f4660bc8fbd1f6601df793519331fe13f504a;6519026;65;1;2;12;39
c77b50cb2fc561b4153ccab731ea88bc0aeddce0;6014039;60;1;2;11;36
d5ef307a89fc28160c77c08bb2ee23de60d298cb;5509007;55;1;2;13;33
f36db2694f9bd6d0557c74210b0f9740d11ef472;4802002;48;1;2;8;42
fe29a4b444e0c24c7efb5c4c5209e25e08893716;6519039;65;1;2;10;30
b8e1a7975a815474e3fff19ab29ee2eb8b6ab573;6519039;65;1;2;1;43
ef8a758ca3013cd95db48e67ee880e9340d1d6bb;5509007;55;1;2;23;52
3ebcd26565a0b8dd51f3a0025d8a407ca8bb5b9d;5711007;57;1;2;6;45
8cfb5aa5058e0bfd070d5ffd662c199a760fdd9a;6014120;60;1;2;1;30
a1f3c64f9979a361f9a54a173322681bf6dd20d1;4802004;48;1;2;20;41
9b75fd6bc1204c6ec1c199259cd5eedf93a35769;4701001;47;1;1;6;37
b9a5dd04524b595e7665208687a6a8d52c014c38;5913048;59;2;2;6;36
f07af2a08cbfb710f5c4b99b8027140aa5283c73;5105027;51;1;2;6;25
d359ab417e34fe192e8d846b6427d2f764f46683;6014120;60;1;2;10;35
db5a47a02777ef14f57d7ce5d322e6ec32e77115;6519019;65;1;2;13;42
89e976396041a90fe3106c76c590fb1428b31a95;6519039;65;1;1;9;33
a0137eb274a05163832740b4cd5a815dbacbcc0a;6115033;61;1;2;13;44
5239917775b511c0ee7410f759001e1ac6c23f71;6519031;65;1;2;4;26
50f4ad84e793535b162be0c9d2bd7f23b154085a;5408019;54;1;2;7;127
ec7cd19f9ac6c7da8cc572f90140479a5e34cc18;5105030;51;1;2;4;47
94c733ba6df29ae6c635b8d4419e9892c2e5de7a;6519006;65;1;2;1;38
9f5ef8a75027415903d631d98e775d0bbf641dab;6519039;65;1;2;10;35
855d9e8df1063910ccebb5b0a88aa3d95a8cb6b9;6519006;65;1;1;1;29
0a5cc97f7cc1d44fd1a2561dd88fe20b754bb371;6519006;65;1;2;1;29
ef527d38ee4bf25f10ec7ff6832287ebeba139ec;6014039;60;1;2;6;29
1ab24287f57b19700bc8dcd3f051c8b61583f07c;6519031;65;1;2;23;32
a11492b5aa5a81b47a23c2048157ed590f464a1d;5509002;55;1;2;21;45
e7dc1e812ff5f7d312d869c5c6938bc6149fa8a2;6216053;62;1;2;16;38
6b15b12f568dee2261e5a63652eb98cd0b38d2b6;6014039;60;1;1;13;50
f14b26554e27abbb873b1acda20caa4796ded192;7630087;76;1;1;19;51
02b41a28e9c440a28577c71daec52258dc817866;5105035;51;1;2;10;38
23cfcad88d9e8dd7a03532256a62af5196887dfb;6014120;60;1;2;1;28
92f77a4cb7a1547772bd562830a62aabd903b96d;6115106;61;1;2;6;50
7090e494acff84159c68c26522ba8febe55900ec;7125006;71;1;2;14;41
37aaf035fd76b624c4b4a07f3d50db3d4e00f577;5509014;55;1;1;6;40
a83a43847d4c141aea3d6822975ca796cc8adfa1;4802002;48;1;2;1;33
874dd1352fcde3d759c2783be5a2da15a0cd98ae;6721114;67;1;2;15;29
be6f5967c189f44d54cd3fd722b1f4d46e3b939c;7731050;77;1;2;10;35
daf55004b8203e90d187cecef5a65a71c0723057;6519010;65;1;2;20;27
08c5a16957f74f2168ac2dc0af5623b621dd375e;4903008;49;1;1;1;26
8bbbde58b22daf4b9f64c19ee203de789dcfb537;6519006;65;1;1;3;30
ba02a9c4e1c4bab6cf0191dd5e6a501a8846967a;5509014;55;1;2;6;38
d467113b076db4a7a0b9186374c555a60570312f;5105030;51;1;2;3;39
54773f79f1adc259627fec9c8946e7ca7369486e;6014120;60;1;1;8;29
b7a0dfa6d62f7ecfbfadf4b75ce2a2cbd5c00399;5509005;55;1;1;1;32
54c8aa271b50852a0938764fb491ab1cee075d23;6115121;61;1;2;8;40
f37e0ab4a7baade0d75ac48b2ec375ced9349f8e;7024028;70;1;2;6;43
cb5dcfe4cb7b81634ee6fe563f4502644de72073;6519009;65;1;2;13;36
76d1a0f61e51e5c3cb2a6afc324e7e32b3891560;5408037;54;1;1;8;30
e300be1e9145c31ef23005d864aad37b9e490e7e;5509003;55;1;2;1;39
abdad6c9c20ca66c5ccaefb5390f172180b7c448;6923004;69;1;2;6;39
98d4156b47dc4efdce5aad65ccbc186e7df595ca;6014097;60;1;2;1;24
197a249ecfa25a51bd904cd73ef77de4d0fa4330;5509002;55;1;2;10;33
358fe11607f50f65f806bbaab6fd6fc35d6a3e04;7428009;74;1;2;1;42
d9ed6972e201ef7a6d3b77326eaae9086ff6953d;6519037;65;1;2;8;27
e8c967b402ded20e49f0d14246acc34438f52af7;5509012;55;1;2;7;33
e4155edfc18912f80557ee209d320bf57bca079d;6822014;68;2;2;7;39
f47cf7b33ee50327ed43f557505d0b28aee5a62e;5509005;55;1;2;1;34
4f6a1bd3fdafee22878416ecdebf3f4c7fa47865;7731050;77;1;2;6;46
780957f77c26cb01603546783b0348c7a79fd273;5711007;57;1;2;1;38
1a1c25c15158fe5805fbfccda5f8181f0e2dbac5;5711020;57;2;1;3;43
42002c5946cbbb31b3aed033fcab553d27cc5ac9;7327013;73;1;1;17;34
18d833ac5289ff5aca27d7ca0cc710256af56851;4701001;47;2;2;6;42
d7173931bc0ccb88d79c83e4ddb3b2df0cc04303;6115121;61;1;2;11;34
f196cfe9cf77f36ace70534df17f08751c3da9e4;5509010;55;1;2;21;47
4eddd025693d96ac3024e78a6c817343ee0a0872;5105035;51;1;2;8;37
3c4cebcba30f9a0dc73f49f5b17d2bb929a88825;5509010;55;1;1;8;49
f2c66c4579432348e6afd036fa0ba7a939d4bf84;4802002;48;1;1;9;36
ed2b8ed2be33e153a7696cca64b430365b4446a1;6519039;65;1;2;19;35
b122377cec8cde56ba3b037afc3564ee77594abb;7832056;78;1;2;7;29
4cbf4e94b596d96716e6a390a9bc1189b7ecb972;5509014;55;1;2;1;38
274c51d3abefa1daf83dca06579b138da2df6e7b;6822014;68;1;2;1;41
91477f382c3cf63ab5cd9263b502109243741158;6519019;65;1;2;6;37
da4b8eefb274dfb51a74c0f8cf74cd4d784698d3;6014098;60;1;2;8;43
e5a678ee5880690ad4fc31a355a37b451de9d6fd;5509014;55;1;2;15;28
fdf02d0a51b8680e60bdb3aec28553729f2d4145;5509014;55;1;2;4;32
4a7cd56a461ceb4c12915cd95e9b58cf7884f282;7428022;74;1;1;4;43
1a5cc11faedfdac87849732ebe75c986675ac902;6519039;65;1;2;4;26
ac6a6046f771392515fbcc46ba825af32742d296;6519021;65;1;2;1;31
b42f70dcacd85b1465860e9df176cf3e37e14dc9;7428033;74;1;1;6;35
0e04ea5c1465c0208e0cf169f1de081cdf1b2de6;6822011;68;1;2;8;44
16f22bd5adee3d4b0ae41ae241fce1b66c4e9fe9;6115013;61;1;2;1;64
9553d7f9f8f4042bf7e568f5512363e74022c8c7;6519039;65;1;2;16;35
43dba034ce6758333b76ff8f419b3c3d916d426b;6115106;61;1;2;8;36
dbc73a6427bba7254c79c73ec1b1e31f419c6204;7428041;74;1;2;1;32
eca6242c1a169578624cfc2e84c3f52392e33db5;5105035;51;1;2;1;31
935baeb133059c0f5b91402004e86514ffe90f1b;6822011;68;1;2;17;44
d56fc86801dca55e749ed9ad01c71c247958889f;4802004;48;1;2;14;27
441f2f27c0a36e7cfd332b5d2dc46d71bb6d4f2c;6519006;65;1;1;5;39
a9f3e22ab1e4f89dee4a8675841a3b61bd75032b;6519026;65;1;1;6;42
3ed9552b66e7243337c06a814b9cd179ec6a6b2f;6721019;67;1;2;8;33
1a9868a219eba7b3133c6e8c7a9ff6c7f274674b;6115037;61;1;2;6;61
3f5c32606f0bf3e25ae3c723ed58459b41c5b474;6519039;65;1;2;3;23
b558da8c68541009c1f026b57574b735810902a1;5711020;57;1;2;8;43
bf7cc3724c16efc62c070e93f25d5d5bfbe43a60;6721114;67;1;1;1;38
e55dd486d8eecc63e02d68fa2e9cd8d8ecd73bcc;6014120;60;1;2;6;45
53c5d5991983d7d0e74c81a03849520a99c251de;6519046;65;1;1;15;24
68f7ac03a9f1641336b2e8a0b9308691c11b10a9;7024028;70;1;2;1;36
26bd3b964d3291294d0420e2fb8f3b6bb0710e07;5509003;55;1;1;3;37
5925f7858dc4c83cab4238cab7af5d7645f50ab2;7125006;71;1;2;6;38
1c0a4cc1a30a8fc039ba60edc6daebaf680c1c6d;7125012;71;1;2;27;31
dc7afe77d9bc6a88693994be1c07797400b57203;6519046;65;1;2;15;27
6714ccd4aa5663a08a8d0b5cf555616b09c049d3;6822014;68;1;2;3;42
4b10ebaef71314dc754488bf786c921bf75aa725;5509014;55;1;2;13;34
06edf585cd7a632155cf063b328033ffbfa7ae69;6014120;60;1;1;21;33
fa694d3ccb36d1fcc4aede6919e91d9b223af224;6115104;61;1;2;6;40
d05b7fff58d35bb72b40d33223ed02b4d9d22f51;6014101;60;1;2;7;38
a03996fac4841ded81f41c00166a141bf3e855bb;6923008;69;1;2;6;45
32f44973d9d60ed8eba7bcb021509b60816148da;6519039;65;1;2;8;34
8a03b91c90518d87a6f52b4ed136ac6e49ec4403;6014120;60;1;2;6;70
074d3028233af49dc2dc2b5ccfff0c960b91237a;5509004;55;1;2;15;27
f8f687e627e304d533d9eeff8a98dcc071f14c28;7731050;77;2;2;6;51
20de823b21be5a247d51c93ba27258cf36e6ad6e;5509010;55;1;2;6;33
6dcca665824fc7146474f6602c5957f25a316b49;6822016;68;1;2;1;38
e13ed7c925c1f39110b80c94afadda887a709552;5509011;55;1;2;11;32
974232ce089a22d800638ad09c445dfcc0970d6d;5408019;54;1;1;8;31
353dd73d7b23a30d6b0543994ba860df026d746d;6519026;65;1;2;6;43
19a32480aa51eea09847e67f017a90e20df740d1;6115121;61;1;2;10;42
745d9064499017d18e89a2560f0650e61280f37d;6014120;60;1;2;9;38
cc38e4f8c6c0afb7020bb94a488d88514619ee9e;6519039;65;1;1;9;32
8d6beb6bdc3675af020bf5d53f4c95445d8044b7;6014120;60;1;1;11;40
2fea6edc37f37e96cfd44aef71f11c98832128dc;6519039;65;1;1;6;42
4e1c8e94b71869409b89de7d0576e8d16d7ee19b;6115090;61;1;2;6;36
3e05d1777c4db68a7d5cf9fdff1b53c60aaea397;6519006;65;1;1;5;50
bf348e4f9af16aa0d6f97c84ec994257e6eee5f9;7428033;74;1;1;21;27
b1178826550613d576a2154a9f9d5dc85ff9c8b5;6014120;60;1;1;19;40
ed00f4cce1a9a62a9f711199c7e49470057584bf;5105035;51;1;1;6;38
175111c30e17b0c1751665678e3125c9d75d3d9b;5509005;55;2;2;14;26
0e9bb6deb8c8d03c790d3e661981fb8b436bb0ff;6115109;61;1;2;7;36
6ef8ee2f7349e5b8bef3ea95a17bcf4e3e39e060;5509016;55;1;2;1;33
b509e25736ec4676f31ce07a7a8b4ff02536069c;6519039;65;1;2;9;48
43b6a6510cb90e1bfc2d976b1ee1469fcec3d561;6115109;61;1;2;1;41
d9113ba8caf59adacd5bdb1e45ae11ed97673366;6014039;60;1;2;1;37
277b819b9d6259254f3cf2044ca41bd2e8022e64;6519048;65;2;2;8;39
68b650e2d44e0cf88400824077955342a3773293;5105035;51;1;2;20;41
49059d4098a967e6c85847cc5cbc80116edf747b;6721114;67;1;2;1;42
9d5abeb917fa1ac848eee412d2d6c91d24407037;6519039;65;1;1;19;40
37c63d6e78f54e563cd128b18a20ff3902ee58b3;6115037;61;1;1;6;31
62963834e157b2e52e0db4f39171a160ab243f30;6519039;65;1;2;1;34
3e86f3f66a96699fe2a84164892b66138b87c333;5408019;54;1;1;4;41
613358fdbef3c34dbd3ac1c834611a1d959d1c38;6519006;65;1;1;1;43
7cff8f4347ce50d411159eeacb758a678a0835db;5509003;55;1;2;4;39
29479889c8261b0049d9ed7a9b938d2983b15995;6519039;65;1;1;1;38
bf9fcbc008361168b099bf7654e9a1b30605c76e;5509005;55;1;2;16;42
74a1808adbc02718bf326e63e7c92e1dbaea49c4;6519021;65;1;1;1;44
65813aadc475199aa587b2f05bfd4717804d5df8;4802002;48;1;2;1;28
c024bff1d6b17e94addfc4ce1ebc71e3c6c4f0d2;5105030;51;1;2;1;35
3e2d00321a3cbae338fc3e44f42e6af8b2363332;6519039;65;1;2;7;41
a26ba9e5afd2415127df67a7a9fd1befd8b3e0f6;6519031;65;1;2;15;27
398696bcdf31c9de056b77ef87589c821b116421;6014101;60;1;2;1;28
cca27e55e64fbf85b242d203f225684b595b3465;6519039;65;1;1;23;29
3b669d7cd84b5bd588be7ade333c29d72410d121;6519018;65;1;2;8;28
45cb1289154caa36007035b575f46a9e5b7fd6e5;5711015;57;1;1;6;36
b2437a23b3ac7a87fca900d9d405fb0d033d0d14;6721114;67;1;2;15;23
a9e016b379e37917e4b2ecc8f9a57cef93ccc185;6519039;65;1;1;1;32
ab230fab5995150dab0877d3e294ddad37ce8a4e;6014039;60;1;1;13;37
5a098061ec5dab14faf88d82adfc546c767425b3;7024028;70;1;2;6;34
47c490f06e223cfb0ca22a4ae1c2036a34b28257;5105030;51;1;2;1;28
08cc682e0ae51b9b193a51d81215a8290e38ae13;6923005;69;1;2;11;44
fd882b966a126fa90f9af3d7be697c3e9e2d812b;5105035;51;1;2;8;38
72c9615334f4ad7fc3d07ca8e7760cd4cf09fb8f;6519039;65;1;2;1;48
cd5c72c994e7854aca54f6f66bff0ca8b75e2009;6721114;67;1;2;9;31
6629e1d49065d23e56826a48d20f04a3caec35c6;6115039;61;1;2;7;40
0222064a58a1778a4d7a9e10088174a532e71553;5610007;56;1;2;15;25
28a3eff389a45a7a97524442728afe0bd4e0fa79;6115020;61;1;2;14;47
61b7163fbcb5a1fab255dc4df4540e01ba0ddaeb;6822014;68;1;2;21;34
2c6a51fcc4a389fb2254acb8475a565ab3112bef;6519046;65;1;1;17;35
ba509e6b05704b8d6e52967a476a2def0d29bae2;5004002;50;1;2;6;44
84d2207312aa074f626bd55f20f5536157107740;7226030;72;2;2;6;50
c0ff5732c856487c5903b41757d232c0e37817da;5509014;55;1;2;14;46
153a1e5622ee9cb2225b871bfc322ce6f2c3d91c;6519039;65;1;2;1;24
003d9abe467a91847d566cf455bd2d7d6c8f7e75;6115109;61;1;2;1;27
5138254ba584a827b3caf416b3c0472176be3113;6519026;65;1;1;8;39
76b791a3dec62981ee97bd3a4aa5c9f1b5cd1ea6;6014097;60;1;2;6;34
7da1e5c57142a3a1fb9eeaa4eb164f7f8c7c0e61;6721041;67;1;2;17;43
bd3a1e151bc9533843c0939363995ba036b8a4ce;5509010;55;1;1;6;36
d270f68c46b056212875477b0ff3ae25b390d277;7630065;76;1;1;13;40
c2be4d30a69004440c0cf7d8460c4e7ad2b97da5;7731050;77;1;2;9;38
7044a849864f62a9b80a09566da8b9f4fc2f8ba6;6519019;65;1;2;15;25
9d5a8c0219a10e1b8805ea115918d687f9578559;5408037;54;2;2;14;26
fd6cd385f6f3f8337361f399f4ed967da18030c9;7226030;72;1;2;7;47
c0c1be006b19e27698d1d7bc2fe0bd6329d1496b;6519039;65;1;2;11;57
07e3e5ff90a36ec9826973b7cfea778815cd4187;6115024;61;1;1;6;41
56d13634eb0ea665cda6e66a2a4a58c4f4db6f38;6519039;65;1;2;6;33
0eb9b961cb30b2201c9e515b2fbf4e146465beaa;6923008;69;1;2;6;40
1622b0c47fa3ca8b8b8a0b54dfde1d479b35e1e8;6115104;61;1;2;8;34
f0a7b9579d455a71863bb71a55390f7927534808;6519006;65;1;2;15;23
a02fd6843abbda4da5c356720b8c4d338b7bc792;6014039;60;1;2;19;34
178038e16a3c24e9bca0a9ffb60b43fb8f320f70;6014039;60;1;1;6;38
fbdf56830d125b36ae146e059616b69744a67111;6014039;60;1;2;7;37
80f9782ebdfbc5465129688ac339bd590c11739d;6822006;68;1;1;15;27
747936723641ca6725111160d2a88d8f92b63c6c;5509004;55;1;2;13;36
26e6f432359c188d9a090fac1d70ec2ededb9a18;4701001;47;1;2;11;30
25a5b5f5cdcd75129e80d9b267f309eb720281d2;6115054;61;1;1;1;53
04fd28294e679ea9848b3057862a6bf40367331e;5711007;57;1;2;6;29
5efc680347f3e792c759cc5ac43f26bc2f854b47;5509010;55;1;2;7;47
ef1bad5231e94c562cb6529d6b5e4fefe0f4c280;5509014;55;1;1;9;46
7eec0967e047509768ec351ce5d239e234422f17;6519039;65;1;2;15;26
441b869ba4a443853d3561adaf7c7b2fd2d1ca66;5509010;55;1;2;10;39
133a307602635e05dcca30a5efc0620eecb9386f;6519006;65;1;2;8;45
4caca0b1d0dd8ee18ddaadb8f0bd24d0e0bc335f;6519046;65;1;2;16;31
b1cb371074e1938c9e0a84f57469c60f62cefdd3;7630028;76;1;2;8;45
c548310f649be29ffac0f04ca50a0bd0ed9a3352;7630087;76;2;1;6;40
fac483e270b86bd3f3d2fc39613aff99831610f3;5509003;55;1;2;8;34
095d37f69671480cb972a29a801f28b09791de7b;6014097;60;1;2;15;26
298d41a93ab1b0da3975e94d3fe4fa179b147ac5;6721119;67;1;2;8;41
76d1983bafc5ecfefafb64b976589a8aafa5a3f4;7226030;72;1;2;1;35
e14d88b8be5caa1af8ec5cf107335b28e2f7977b;6115095;61;1;2;19;38
44ea32e786c5b1a999f6421611776dc2d32df657;4701001;47;1;1;9;31
7bc502b1cf123d8cb1fc4cf945fa4de645757c06;6923004;69;1;2;6;30
20c35f25b3b6227cbd5e2a34f6fa5e593bbf349e;5610007;56;1;2;23;43
bcf99c1fa38f060928e10cb24ab5c67def4889c3;7125011;71;1;2;6;36
